ano_agricola;dsc_safra_previsao;uf;produto;id_produto;area_plantada_mil_ha;producao_mil_t;dsc_situacao_levantamento;producao_acucar_mil_t;producao_etanol_anidro_mil_l;producao_etanol_hidratado_mil_l;producao_etanol_total_mil_l;produtcao_atr_kg_t;escala_producao
2005/06;UNICA          ;AL;CANA DE ACUCAR                          ;4238;402.1;23110.7;PREVISAO                                                    ;2077.4;294667.9;278710.6;573378.5;137.2;Grande Producao
2005/06;UNICA          ;AM;CANA DE ACUCAR                          ;4238;3.8;194.4;PREVISAO                                                    ;22.7;486.3;367.2;853.5;130.2;Pequena Producao
2005/06;UNICA          ;BA;CANA DE ACUCAR                          ;4238;55.0;3367.7;PREVISAO                                                    ;242.3;229000.0;51675.3;280675.3;221.5;Media Producao
2005/06;UNICA          ;CE;CANA DE ACUCAR                          ;4238;35.1;1773.3;PREVISAO                                                    ;0.0;569.3;27879.2;28448.5;27.2;Pequena Producao
2005/06;UNICA          ;ES;CANA DE ACUCAR                          ;4238;64.4;4243.4;PREVISAO                                                    ;66.2;172000.9;79486.4;251487.3;119.6;Media Producao
2005/06;UNICA          ;GO;CANA DE ACUCAR                          ;4238;202.5;15547.9;PREVISAO                                                    ;874.5;341566.6;399274.8;740841.4;141.2;Grande Producao
2005/06;UNICA          ;MA;CANA DE ACUCAR                          ;4238;31.8;1969.9;PREVISAO                                                    ;17.7;107380.1;24389.2;131769.3;126.6;Pequena Producao
2005/06;UNICA          ;MG;CANA DE ACUCAR                          ;4238;357.1;27557.1;PREVISAO                                                    ;1833.0;423271.6;450013.8;873285.4;124.5;Grande Producao
2005/06;UNICA          ;MS;CANA DE ACUCAR                          ;4238;139.1;9799.0;PREVISAO                                                    ;337.2;285046.2;300606.5;585652.7;139.3;Media Producao
2005/06;UNICA          ;MT;CANA DE ACUCAR                          ;4238;205.4;13460.2;PREVISAO                                                    ;534.2;364525.8;446055.9;810581.7;145.5;Media Producao
2005/06;UNICA          ;PA;CANA DE ACUCAR                          ;4238;10.4;606.3;PREVISAO                                                    ;0.0;34882.9;0.0;34882.9;101.6;Pequena Producao
2005/06;UNICA          ;PB;CANA DE ACUCAR                          ;4238;105.6;4765.1;PREVISAO                                                    ;172.6;122955.1;87796.2;210751.3;114.7;Media Producao
2005/06;UNICA          ;PE;CANA DE ACUCAR                          ;4238;362.4;16943.6;PREVISAO                                                    ;1475.6;111550.6;102886.7;214437.3;113.3;Grande Producao
2005/06;UNICA          ;PI;CANA DE ACUCAR                          ;4238;10.0;614.0;PREVISAO                                                    ;0.0;35765.3;12347.2;48112.5;136.8;Pequena Producao
2005/06;UNICA          ;PR;CANA DE ACUCAR                          ;4238;410.9;28504.9;PREVISAO                                                    ;1663.1;478451.6;835067.2;1313518.8;140.4;Grande Producao
2005/06;UNICA          ;RJ;CANA DE ACUCAR                          ;4238;169.2;7576.4;PREVISAO                                                    ;432.4;191190.6;89401.7;280592.3;124.4;Media Producao
2005/06;UNICA          ;RN;CANA DE ACUCAR                          ;4238;50.6;2637.8;PREVISAO                                                    ;172.7;23214.6;26412.7;49627.3;101.2;Media Producao
2005/06;UNICA          ;RS;CANA DE ACUCAR                          ;4238;32.4;906.2;PREVISAO                                                    ;0.0;0.0;70617.5;70617.5;131.8;Pequena Producao
2005/06;UNICA          ;SC;CANA DE ACUCAR                          ;4238;16.7;601.7;PREVISAO                                                    ;0.0;0.0;0.0;0.0;0.0;Pequena Producao
2005/06;UNICA          ;SE;CANA DE ACUCAR                          ;4238;24.8;1417.5;PREVISAO                                                    ;51.1;19899.9;25627.1;45527.0;93.2;Pequena Producao
2005/06;UNICA          ;SP;CANA DE ACUCAR                          ;4238;3146.6;265543.3;PREVISAO                                                    ;16740.9;5849529.8;4431662.7;10281192.5;133.3;Grande Producao
2005/06;UNICA          ;TO;CANA DE ACUCAR                          ;4238;4.4;273.0;PREVISAO                                                    ;0.0;19493.0;5762.6;25255.6;161.7;Pequena Producao
2006/07;UNICA          ;AL;CANA DE ACUCAR                          ;4238;402.7;25168.8;PREVISAO                                                    ;2184.9;273392.5;326198.8;599591.3;132.2;Grande Producao
2006/07;UNICA          ;AM;CANA DE ACUCAR                          ;4238;4.8;273.1;PREVISAO                                                    ;15.8;295.2;5425.5;5720.7;96.2;Pequena Producao
2006/07;UNICA          ;BA;CANA DE ACUCAR                          ;4238;70.7;3554.1;PREVISAO                                                    ;116.4;64999.6;28894.3;93893.9;80.4;Media Producao
2006/07;UNICA          ;CE;CANA DE ACUCAR                          ;4238;28.9;1619.1;PREVISAO                                                    ;0.0;110.1;1378.5;1488.6;1.6;Pequena Producao
2006/07;UNICA          ;ES;CANA DE ACUCAR                          ;4238;67.6;3967.1;PREVISAO                                                    ;49.6;121689.2;55707.8;177397.0;91.0;Media Producao
2006/07;UNICA          ;GO;CANA DE ACUCAR                          ;4238;234.9;18723.4;PREVISAO                                                    ;805.0;388274.8;444864.8;833139.6;121.9;Grande Producao
2006/07;UNICA          ;MA;CANA DE ACUCAR                          ;4238;40.3;2341.4;PREVISAO                                                    ;3.3;107875.3;23063.8;130939.1;99.5;Media Producao
2006/07;UNICA          ;MG;CANA DE ACUCAR                          ;4238;420.0;33558.0;PREVISAO                                                    ;1952.4;581514.8;697331.0;1278845.8;126.8;Grande Producao
2006/07;UNICA          ;MS;CANA DE ACUCAR                          ;4238;160.0;12676.0;PREVISAO                                                    ;575.6;210759.7;432219.1;642978.8;134.7;Media Producao
2006/07;UNICA          ;MT;CANA DE ACUCAR                          ;4238;209.7;14073.6;PREVISAO                                                    ;545.9;312322.9;434065.7;746388.6;132.0;Grande Producao
2006/07;UNICA          ;PA;CANA DE ACUCAR                          ;4238;10.5;736.7;PREVISAO                                                    ;4.4;39766.9;10271.0;50037.9;125.1;Pequena Producao
2006/07;UNICA          ;PB;CANA DE ACUCAR                          ;4238;112.5;5927.2;PREVISAO                                                    ;153.1;125255.0;170319.8;295574.8;113.0;Media Producao
2006/07;UNICA          ;PE;CANA DE ACUCAR                          ;4238;369.6;18913.5;PREVISAO                                                    ;1433.3;207833.1;130839.0;338672.1;110.6;Grande Producao
2006/07;UNICA          ;PI;CANA DE ACUCAR                          ;4238;12.5;821.3;PREVISAO                                                    ;0.0;39317.8;12625.7;51943.5;110.5;Pequena Producao
2006/07;UNICA          ;PR;CANA DE ACUCAR                          ;4238;436.0;34130.9;PREVISAO                                                    ;2139.9;430701.8;889950.2;1320652.0;132.2;Grande Producao
2006/07;UNICA          ;RJ;CANA DE ACUCAR                          ;4238;152.3;6853.5;PREVISAO                                                    ;266.4;30378.9;60783.1;91162.0;63.6;Media Producao
2006/07;UNICA          ;RN;CANA DE ACUCAR                          ;4238;55.2;2888.1;PREVISAO                                                    ;250.4;38052.0;23223.7;61275.7;127.8;Media Producao
2006/07;UNICA          ;RS;CANA DE ACUCAR                          ;4238;34.2;1200.4;PREVISAO                                                    ;0.0;0.0;6210.3;6210.3;8.7;Pequena Producao
2006/07;UNICA          ;SC;CANA DE ACUCAR                          ;4238;17.1;669.7;PREVISAO                                                    ;0.0;0.0;0.0;0.0;0.0;Pequena Producao
2006/07;UNICA          ;SE;CANA DE ACUCAR                          ;4238;31.1;1626.8;PREVISAO                                                    ;51.3;32021.5;22243.1;54264.6;91.0;Pequena Producao
2006/07;UNICA          ;SP;CANA DE ACUCAR                          ;4238;3288.2;284825.6;PREVISAO                                                    ;19675.9;5206042.7;5433208.7;10639251.4;137.0;Grande Producao
2006/07;UNICA          ;TO;CANA DE ACUCAR                          ;4238;4.5;252.1;PREVISAO                                                    ;0.0;10112.0;2638.3;12750.3;88.5;Pequena Producao
2007/08;UNICA          ;AL;CANA DE ACUCAR                          ;4238;426.8;29864.3;PREVISAO                                                    ;2591.8;368451.9;455684.3;824136.2;138.7;Grande Producao
2007/08;UNICA          ;AM;CANA DE ACUCAR                          ;4238;3.9;314.0;PREVISAO                                                    ;8.8;157.8;15705.2;15863.0;114.9;Pequena Producao
2007/08;UNICA          ;BA;CANA DE ACUCAR                          ;4238;37.4;2690.0;PREVISAO                                                    ;103.9;101206.5;34317.8;135524.3;128.5;Media Producao
2007/08;UNICA          ;CE;CANA DE ACUCAR                          ;4238;1.6;111.5;PREVISAO                                                    ;0.0;148.7;6670.9;6819.6;103.5;Pequena Producao
2007/08;UNICA          ;ES;CANA DE ACUCAR                          ;4238;65.2;4419.0;PREVISAO                                                    ;85.8;173892.0;93979.6;267871.6;125.8;Media Producao
2007/08;UNICA          ;GO;CANA DE ACUCAR                          ;4238;401.8;29645.2;PREVISAO                                                    ;1022.9;512428.3;654599.8;1167028.1;104.1;Grande Producao
2007/08;UNICA          ;MA;CANA DE ACUCAR                          ;4238;38.9;2385.0;PREVISAO                                                    ;14.0;85814.2;37132.0;122946.2;96.0;Media Producao
2007/08;UNICA          ;MG;CANA DE ACUCAR                          ;4238;600.7;44120.0;PREVISAO                                                    ;2089.5;608092.4;1233509.4;1841601.8;121.3;Grande Producao
2007/08;UNICA          ;MS;CANA DE ACUCAR                          ;4238;275.8;20755.0;PREVISAO                                                    ;602.7;209824.7;713313.8;923138.5;106.4;Grande Producao
2007/08;UNICA          ;MT;CANA DE ACUCAR                          ;4238;223.2;16109.9;PREVISAO                                                    ;415.7;405334.5;497079.9;902414.4;123.7;Grande Producao
2007/08;UNICA          ;PA;CANA DE ACUCAR                          ;4238;11.0;749.6;PREVISAO                                                    ;16.2;33462.4;6294.6;39757.0;115.7;Pequena Producao
2007/08;UNICA          ;PB;CANA DE ACUCAR                          ;4238;112.5;6117.0;PREVISAO                                                    ;115.7;193772.4;189812.9;383585.3;128.2;Media Producao
2007/08;UNICA          ;PE;CANA DE ACUCAR                          ;4238;316.6;20418.1;PREVISAO                                                    ;1681.1;215907.8;265239.5;481147.3;127.0;Grande Producao
2007/08;UNICA          ;PI;CANA DE ACUCAR                          ;4238;13.1;900.9;PREVISAO                                                    ;22.2;23309.4;11649.7;34959.1;93.4;Pequena Producao
2007/08;UNICA          ;PR;CANA DE ACUCAR                          ;4238;509.3;42918.3;PREVISAO                                                    ;2543.9;389634.2;1391253.5;1780887.7;133.1;Grande Producao
2007/08;UNICA          ;RJ;CANA DE ACUCAR                          ;4238;50.0;3556.3;PREVISAO                                                    ;254.8;28889.3;115743.9;144633.2;144.6;Media Producao
2007/08;UNICA          ;RN;CANA DE ACUCAR                          ;4238;55.5;3075.0;PREVISAO                                                    ;215.7;44087.4;57743.6;101831.0;130.7;Media Producao
2007/08;UNICA          ;RS;CANA DE ACUCAR                          ;4238;2.1;120.0;PREVISAO                                                    ;0.0;0.0;7602.6;7602.6;107.2;Pequena Producao
2007/08;UNICA          ;SE;CANA DE ACUCAR                          ;4238;34.9;2306.2;PREVISAO                                                    ;89.1;34782.1;23094.7;57876.8;84.1;Media Producao
2007/08;UNICA          ;SP;CANA DE ACUCAR                          ;4238;3824.2;340510.4;PREVISAO                                                    ;19405.9;5200257.3;8553919.0;13754176.3;129.3;Grande Producao
2007/08;UNICA          ;TO;CANA DE ACUCAR                          ;4238;5.7;285.0;PREVISAO                                                    ;0.0;10597.0;2770.8;13367.8;82.1;Pequena Producao
2008/09;UNICA          ;AL;CANA DE ACUCAR                          ;4238;432.0;27400.0;PREVISAO                                                    ;2204.9;356004.1;495737.0;851741.1;138.0;Grande Producao
2008/09;UNICA          ;AM;CANA DE ACUCAR                          ;4238;3.8;303.5;PREVISAO                                                    ;14.3;293.5;7963.0;8256.5;95.5;Pequena Producao
2008/09;UNICA          ;BA;CANA DE ACUCAR                          ;4238;37.4;2692.7;PREVISAO                                                    ;121.8;83637.8;48582.5;132220.3;132.8;Media Producao
2008/09;UNICA          ;CE;CANA DE ACUCAR                          ;4238;1.8;124.0;PREVISAO                                                    ;0.0;377.2;7426.5;7803.7;106.7;Pequena Producao
2008/09;UNICA          ;ES;CANA DE ACUCAR                          ;4238;65.2;4419.0;PREVISAO                                                    ;109.7;162005.7;119511.3;281517.0;136.5;Media Producao
2008/09;UNICA          ;GO;CANA DE ACUCAR                          ;4238;401.8;29645.2;PREVISAO                                                    ;1103.3;514038.8;1244588.3;1758627.1;140.7;Grande Producao
2008/09;UNICA          ;MA;CANA DE ACUCAR                          ;4238;38.9;2385.0;PREVISAO                                                    ;24.8;119044.1;57946.7;176990.8;140.1;Media Producao
2008/09;UNICA          ;MG;CANA DE ACUCAR                          ;4238;564.5;41461.4;PREVISAO                                                    ;2639.2;754082.6;1216563.5;1970646.1;148.5;Grande Producao
2008/09;UNICA          ;MS;CANA DE ACUCAR                          ;4238;275.8;20755.0;PREVISAO                                                    ;1006.1;405978.3;658065.9;1064044.2;139.0;Grande Producao
2008/09;UNICA          ;MT;CANA DE ACUCAR                          ;4238;223.2;16109.9;PREVISAO                                                    ;506.3;414251.9;588615.9;1002867.8;140.2;Grande Producao
2008/09;UNICA          ;PA;CANA DE ACUCAR                          ;4238;9.5;628.4;PREVISAO                                                    ;36.8;29754.8;0.0;29754.8;145.0;Pequena Producao
2008/09;UNICA          ;PB;CANA DE ACUCAR                          ;4238;112.5;6117.0;PREVISAO                                                    ;190.8;157383.6;166040.5;323424.1;124.1;Media Producao
2008/09;UNICA          ;PE;CANA DE ACUCAR                          ;4238;321.4;19119.8;PREVISAO                                                    ;1521.9;231107.3;311795.3;542902.6;132.5;Grande Producao
2008/09;UNICA          ;PI;CANA DE ACUCAR                          ;4238;13.1;900.9;PREVISAO                                                    ;69.0;25168.6;3568.9;28737.5;136.4;Pequena Producao
2008/09;UNICA          ;PR;CANA DE ACUCAR                          ;4238;524.5;44200.1;PREVISAO                                                    ;2379.5;411098.8;1504298.8;1915397.6;130.5;Grande Producao
2008/09;UNICA          ;RJ;CANA DE ACUCAR                          ;4238;50.0;3556.3;PREVISAO                                                    ;263.7;30038.2;71729.5;101767.7;126.8;Media Producao
2008/09;UNICA          ;RN;CANA DE ACUCAR                          ;4238;59.5;3296.7;PREVISAO                                                    ;243.0;50414.7;68261.2;118675.9;139.4;Media Producao
2008/09;UNICA          ;RO;CANA DE ACUCAR                          ;4238;1.7;106.3;PREVISAO                                                    ;0.0;0.0;7224.0;7224.0;114.9;Pequena Producao
2008/09;UNICA          ;RS;CANA DE ACUCAR                          ;4238;2.1;120.0;PREVISAO                                                    ;0.0;0.0;9003.7;9003.7;126.9;Pequena Producao
2008/09;UNICA          ;SE;CANA DE ACUCAR                          ;4238;36.0;2380.0;PREVISAO                                                    ;118.4;55603.3;50447.6;106050.9;129.3;Media Producao
2008/09;UNICA          ;SP;CANA DE ACUCAR                          ;4238;3882.1;345657.7;PREVISAO                                                    ;19066.7;6251405.9;9972202.1;16223608.0;138.6;Grande Producao
2008/09;UNICA          ;TO;CANA DE ACUCAR                          ;4238;1.1;55.4;PREVISAO                                                    ;0.0;12021.9;10141.6;22163.5;692.6;Pequena Producao
2009/10;UNICA          ;AL;CANA DE ACUCAR                          ;4238;448.0;24504.5;PREVISAO                                                    ;2096.2;303988.0;318969.0;622957.0;133.7;Grande Producao
2009/10;UNICA          ;AM;CANA DE ACUCAR                          ;4238;3.8;211.8;PREVISAO                                                    ;8.7;0.0;4739.0;4739.0;81.0;Pequena Producao
2009/10;UNICA          ;BA;CANA DE ACUCAR                          ;4238;37.4;2947.1;PREVISAO                                                    ;129.9;43828.0;74247.0;118075.0;115.1;Media Producao
2009/10;UNICA          ;CE;CANA DE ACUCAR                          ;4238;2.3;154.4;PREVISAO                                                    ;0.0;0.0;10924.0;10924.0;119.7;Pequena Producao
2009/10;UNICA          ;ES;CANA DE ACUCAR                          ;4238;68.0;4009.6;PREVISAO                                                    ;77.7;111963.0;124924.0;236887.0;122.3;Media Producao
2009/10;UNICA          ;GO;CANA DE ACUCAR                          ;4238;471.9;40092.5;PREVISAO                                                    ;1392.1;484995.0;1709245.0;2194240.0;129.9;Grande Producao
2009/10;UNICA          ;MA;CANA DE ACUCAR                          ;4238;39.4;2209.4;PREVISAO                                                    ;15.9;109746.0;58751.0;168497.0;140.2;Media Producao
2009/10;UNICA          ;MG;CANA DE ACUCAR                          ;4238;588.8;49923.4;PREVISAO                                                    ;2685.8;482839.0;1814448.0;2297287.0;135.0;Grande Producao
2009/10;UNICA          ;MS;CANA DE ACUCAR                          ;4238;265.4;23297.8;PREVISAO                                                    ;746.8;236798.0;1030834.0;1267632.0;126.4;Grande Producao
2009/10;UNICA          ;MT;CANA DE ACUCAR                          ;4238;203.0;14045.6;PREVISAO                                                    ;414.2;271565.0;553789.0;825354.0;131.8;Grande Producao
2009/10;UNICA          ;PA;CANA DE ACUCAR                          ;4238;10.9;623.4;PREVISAO                                                    ;24.5;4113.0;33521.0;37634.0;143.8;Pequena Producao
2009/10;UNICA          ;PB;CANA DE ACUCAR                          ;4238;115.5;6320.0;PREVISAO                                                    ;183.4;153470.0;234276.0;387746.0;136.0;Media Producao
2009/10;UNICA          ;PE;CANA DE ACUCAR                          ;4238;321.4;17805.6;PREVISAO                                                    ;1478.3;140305.0;240093.0;380398.0;123.8;Grande Producao
2009/10;UNICA          ;PI;CANA DE ACUCAR                          ;4238;13.6;1014.0;PREVISAO                                                    ;53.9;35807.0;5146.0;40953.0;126.7;Pequena Producao
2009/10;UNICA          ;PR;CANA DE ACUCAR                          ;4238;536.0;45502.8;PREVISAO                                                    ;2438.1;367385.0;1514002.0;1881387.0;126.8;Grande Producao
2009/10;UNICA          ;RJ;CANA DE ACUCAR                          ;4238;45.8;3260.0;PREVISAO                                                    ;176.6;9962.0;103297.0;113259.0;115.8;Media Producao
2009/10;UNICA          ;RN;CANA DE ACUCAR                          ;4238;67.0;3472.5;PREVISAO                                                    ;218.4;51225.0;69070.0;120295.0;125.7;Media Producao
2009/10;UNICA          ;RO;CANA DE ACUCAR                          ;4238;1.8;111.3;PREVISAO                                                    ;0.0;0.0;8550.0;8550.0;129.9;Pequena Producao
2009/10;UNICA          ;RS;CANA DE ACUCAR                          ;4238;1.0;48.5;PREVISAO                                                    ;0.0;0.0;2460.0;2460.0;85.8;Pequena Producao
2009/10;UNICA          ;SE;CANA DE ACUCAR                          ;4238;37.9;2249.7;PREVISAO                                                    ;118.4;28464.2;93926.5;122390.7;148.2;Media Producao
2009/10;UNICA          ;SP;CANA DE ACUCAR                          ;4238;4129.9;362664.7;PREVISAO                                                    ;20815.8;4113387.0;10805138.0;14918525.0;130.6;Grande Producao
2009/10;UNICA          ;TO;CANA DE ACUCAR                          ;4238;0.7;45.1;PREVISAO                                                    ;0.0;0.0;2433.0;2433.0;91.2;Pequena Producao
2010/11;UNICA          ;AC;CANA DE ACUCAR                          ;4238;0.4;33.8;PREVISAO                                                    ;0.0;0.0;1489.0;1489.0;74.5;Pequena Producao
2010/11;UNICA          ;AL;CANA DE ACUCAR                          ;4238;451.2;29120.4;PREVISAO                                                    ;2495.9;323388.0;385963.0;709351.0;132.0;Grande Producao
2010/11;UNICA          ;AM;CANA DE ACUCAR                          ;4238;3.8;347.0;PREVISAO                                                    ;19.6;0.0;7140.0;7140.0;94.1;Pequena Producao
2010/11;UNICA          ;BA;CANA DE ACUCAR                          ;4238;42.6;2792.2;PREVISAO                                                    ;113.4;59200.0;68060.0;127260.0;121.3;Media Producao
2010/11;UNICA          ;CE;CANA DE ACUCAR                          ;4238;2.8;180.5;PREVISAO                                                    ;0.0;0.0;12746.3;12746.3;119.4;Pequena Producao
2010/11;UNICA          ;ES;CANA DE ACUCAR                          ;4238;68.7;3524.8;PREVISAO                                                    ;90.1;95117.0;92079.0;187196.0;118.6;Media Producao
2010/11;UNICA          ;GO;CANA DE ACUCAR                          ;4238;599.3;46206.8;PREVISAO                                                    ;1798.5;659432.0;2242242.0;2901674.0;148.1;Grande Producao
2010/11;UNICA          ;MA;CANA DE ACUCAR                          ;4238;42.1;2327.5;PREVISAO                                                    ;8.8;141504.0;40284.0;181788.0;140.6;Media Producao
2010/11;UNICA          ;MG;CANA DE ACUCAR                          ;4238;659.6;56013.6;PREVISAO                                                    ;3254.1;598494.0;2061537.0;2660031.0;142.1;Grande Producao
2010/11;UNICA          ;MS;CANA DE ACUCAR                          ;4238;396.2;33476.7;PREVISAO                                                    ;1328.5;360800.0;1485397.0;1846197.0;135.7;Grande Producao
2010/11;UNICA          ;MT;CANA DE ACUCAR                          ;4238;207.1;13661.2;PREVISAO                                                    ;446.1;274146.0;583158.0;857304.0;141.9;Grande Producao
2010/11;UNICA          ;PA;CANA DE ACUCAR                          ;4238;10.0;521.9;PREVISAO                                                    ;21.0;6198.0;16761.0;22959.0;117.5;Pequena Producao
2010/11;UNICA          ;PB;CANA DE ACUCAR                          ;4238;111.8;5246.3;PREVISAO                                                    ;182.8;122652.0;173146.0;295798.0;133.7;Media Producao
2010/11;UNICA          ;PE;CANA DE ACUCAR                          ;4238;346.8;16820.8;PREVISAO                                                    ;1469.7;155772.0;222157.0;377929.0;130.4;Grande Producao
2010/11;UNICA          ;PI;CANA DE ACUCAR                          ;4238;13.3;836.9;PREVISAO                                                    ;46.3;33109.0;2388.0;35497.0;132.7;Pequena Producao
2010/11;UNICA          ;PR;CANA DE ACUCAR                          ;4238;582.3;43321.1;PREVISAO                                                    ;3022.1;271770.0;1347822.0;1619592.0;136.9;Grande Producao
2010/11;UNICA          ;RJ;CANA DE ACUCAR                          ;4238;51.3;2537.8;PREVISAO                                                    ;118.3;0.0;69102.0;69102.0;95.0;Media Producao
2010/11;UNICA          ;RN;CANA DE ACUCAR                          ;4238;65.7;2729.4;PREVISAO                                                    ;169.0;42777.0;39734.0;82511.0;117.3;Media Producao
2010/11;UNICA          ;RO;CANA DE ACUCAR                          ;4238;2.6;136.7;PREVISAO                                                    ;0.0;0.0;10763.0;10763.0;133.2;Pequena Producao
2010/11;UNICA          ;RS;CANA DE ACUCAR                          ;4238;1.7;82.0;PREVISAO                                                    ;0.0;0.0;5805.0;5805.0;119.7;Pequena Producao
2010/11;UNICA          ;SE;CANA DE ACUCAR                          ;4238;37.0;2025.6;PREVISAO                                                    ;78.1;10400.0;90858.0;101258.0;125.4;Media Producao
2010/11;UNICA          ;SP;CANA DE ACUCAR                          ;4238;4357.0;361723.3;PREVISAO                                                    ;23506.1;4857709.0;10607896.0;15465605.0;141.5;Grande Producao
2010/11;UNICA          ;TO;CANA DE ACUCAR                          ;4238;2.8;239.0;PREVISAO                                                    ;0.0;4515.0;11973.0;16488.0;118.1;Pequena Producao
2011/12;UNICA          ;AC;CANA DE ACUCAR                          ;4238;0.6;52.6;PREVISAO                                                    ;0.0;0.0;4101.0;4101.0;131.9;Pequena Producao
2011/12;UNICA          ;AL;CANA DE ACUCAR                          ;4238;463.7;27705.4;PREVISAO                                                    ;2178.2;327740.0;199565.0;527305.0;115.6;Grande Producao
2011/12;UNICA          ;AM;CANA DE ACUCAR                          ;4238;3.8;287.0;PREVISAO                                                    ;15.2;0.0;4046.0;4046.0;79.4;Pequena Producao
2011/12;UNICA          ;BA;CANA DE ACUCAR                          ;4238;42.6;2557.3;PREVISAO                                                    ;113.4;78750.0;76475.0;155225.0;151.5;Media Producao
2011/12;UNICA          ;CE;CANA DE ACUCAR                          ;4238;1.3;77.4;PREVISAO                                                    ;0.0;0.0;3976.0;3976.0;86.9;Pequena Producao
2011/12;UNICA          ;ES;CANA DE ACUCAR                          ;4238;66.9;4003.8;PREVISAO                                                    ;118.4;104010.0;68255.0;172265.0;105.7;Media Producao
2011/12;UNICA          ;GO;CANA DE ACUCAR                          ;4238;678.4;45220.1;PREVISAO                                                    ;1875.3;821255.0;2309325.0;3130580.0;162.0;Grande Producao
2011/12;UNICA          ;MA;CANA DE ACUCAR                          ;4238;39.6;2265.6;PREVISAO                                                    ;8.9;136480.0;23440.0;159920.0;128.0;Media Producao
2011/12;UNICA          ;MG;CANA DE ACUCAR                          ;4238;742.7;50241.8;PREVISAO                                                    ;3418.4;846750.0;1172400.0;2019150.0;140.6;Grande Producao
2011/12;UNICA          ;MS;CANA DE ACUCAR                          ;4238;480.9;33859.8;PREVISAO                                                    ;1741.5;484970.0;1430370.0;1915340.0;150.7;Grande Producao
2011/12;UNICA          ;MT;CANA DE ACUCAR                          ;4238;220.1;13153.7;PREVISAO                                                    ;491.9;475770.0;508235.0;984005.0;168.4;Media Producao
2011/12;UNICA          ;PA;CANA DE ACUCAR                          ;4238;12.6;666.4;PREVISAO                                                    ;37.1;22123.0;10740.0;32863.0;144.3;Pequena Producao
2011/12;UNICA          ;PB;CANA DE ACUCAR                          ;4238;122.6;6723.1;PREVISAO                                                    ;208.7;150820.0;151240.0;302060.0;110.2;Media Producao
2011/12;UNICA          ;PE;CANA DE ACUCAR                          ;4238;326.1;17642.2;PREVISAO                                                    ;1202.0;168350.0;99630.0;267980.0;97.9;Grande Producao
2011/12;UNICA          ;PI;CANA DE ACUCAR                          ;4238;13.9;992.0;PREVISAO                                                    ;52.4;31365.0;1472.0;32837.0;113.8;Pequena Producao
2011/12;UNICA          ;PR;CANA DE ACUCAR                          ;4238;611.4;40519.5;PREVISAO                                                    ;3096.2;393665.0;910200.0;1303865.0;135.3;Grande Producao
2011/12;UNICA          ;RJ;CANA DE ACUCAR                          ;4238;41.3;2207.9;PREVISAO                                                    ;95.3;0.0;68195.0;68195.0;97.5;Media Producao
2011/12;UNICA          ;RN;CANA DE ACUCAR                          ;4238;62.3;2973.3;PREVISAO                                                    ;133.9;40760.0;30800.0;71560.0;89.0;Media Producao
2011/12;UNICA          ;RO;CANA DE ACUCAR                          ;4238;2.8;157.1;PREVISAO                                                    ;0.0;0.0;8763.0;8763.0;94.3;Pequena Producao
2011/12;UNICA          ;RS;CANA DE ACUCAR                          ;4238;1.7;95.1;PREVISAO                                                    ;0.0;0.0;1665.0;1665.0;29.6;Pequena Producao
2011/12;UNICA          ;SE;CANA DE ACUCAR                          ;4238;42.5;2551.5;PREVISAO                                                    ;129.8;35375.0;62225.0;97600.0;119.1;Media Producao
2011/12;UNICA          ;SP;CANA DE ACUCAR                          ;4238;4370.1;305636.4;PREVISAO                                                    ;23355.2;5450827.0;6555996.0;12006823.0;148.0;Grande Producao
2011/12;UNICA          ;TO;CANA DE ACUCAR                          ;4238;14.7;1366.2;PREVISAO                                                    ;0.0;108875.0;48172.0;157047.0;200.3;Pequena Producao
2012/13;UNICA          ;AC;CANA DE ACUCAR                          ;4238;0.7;70.3;PREVISAO                                                    ;0.0;0.0;4102.5;4102.5;98.7;Pequena Producao
2012/13;UNICA          ;AL;CANA DE ACUCAR                          ;4238;445.7;23533.5;PREVISAO                                                    ;2232.5;335989.0;204529.6;540518.6;139.5;Grande Producao
2012/13;UNICA          ;AM;CANA DE ACUCAR                          ;4238;3.7;266.5;PREVISAO                                                    ;15.2;0.0;4045.8;4045.8;85.7;Pequena Producao
2012/13;UNICA          ;BA;CANA DE ACUCAR                          ;4238;48.6;3083.8;PREVISAO                                                    ;113.4;78733.4;76489.5;155222.9;125.6;Media Producao
2012/13;UNICA          ;CE;CANA DE ACUCAR                          ;4238;1.1;57.0;PREVISAO                                                    ;0.0;0.0;3988.6;3988.6;118.3;Pequena Producao
2012/13;UNICA          ;ES;CANA DE ACUCAR                          ;4238;62.1;3431.6;PREVISAO                                                    ;118.4;104047.6;68302.3;172349.9;123.4;Media Producao
2012/13;UNICA          ;GO;CANA DE ACUCAR                          ;4238;725.9;52727.2;PREVISAO                                                    ;1875.3;821281.2;2309173.8;3130455.0;138.9;Grande Producao
2012/13;UNICA          ;MA;CANA DE ACUCAR                          ;4238;41.9;2072.0;PREVISAO                                                    ;8.9;136398.3;23516.5;159914.7;139.9;Media Producao
2012/13;UNICA          ;MG;CANA DE ACUCAR                          ;4238;721.9;51208.0;PREVISAO                                                    ;3418.4;846771.4;1172417.7;2019189.1;138.0;Grande Producao
2012/13;UNICA          ;MS;CANA DE ACUCAR                          ;4238;542.7;36955.2;PREVISAO                                                    ;1741.9;485023.1;1430420.0;1915443.1;138.1;Grande Producao
2012/13;UNICA          ;MT;CANA DE ACUCAR                          ;4238;235.5;16319.0;PREVISAO                                                    ;491.9;475737.4;508286.3;984023.7;135.8;Grande Producao
2012/13;UNICA          ;PA;CANA DE ACUCAR                          ;4238;11.4;695.3;PREVISAO                                                    ;37.1;22123.1;10736.7;32859.7;138.3;Pequena Producao
2012/13;UNICA          ;PB;CANA DE ACUCAR                          ;4238;122.0;5354.9;PREVISAO                                                    ;211.2;152583.8;153035.3;305619.1;140.0;Media Producao
2012/13;UNICA          ;PE;CANA DE ACUCAR                          ;4238;312.1;13575.9;PREVISAO                                                    ;1211.3;169596.1;100435.2;270031.2;128.2;Media Producao
2012/13;UNICA          ;PI;CANA DE ACUCAR                          ;4238;14.7;828.1;PREVISAO                                                    ;52.4;31365.2;1468.2;32833.4;136.3;Pequena Producao
2012/13;UNICA          ;PR;CANA DE ACUCAR                          ;4238;610.8;39723.5;PREVISAO                                                    ;3093.7;393347.6;909799.4;1303147.0;137.9;Grande Producao
2012/13;UNICA          ;RJ;CANA DE ACUCAR                          ;4238;39.9;1893.8;PREVISAO                                                    ;95.5;0.0;68292.6;68292.6;113.9;Pequena Producao
2012/13;UNICA          ;RN;CANA DE ACUCAR                          ;4238;53.6;2247.8;PREVISAO                                                    ;133.9;40769.3;30816.2;71585.6;117.7;Media Producao
2012/13;UNICA          ;RO;CANA DE ACUCAR                          ;4238;2.6;125.1;PREVISAO                                                    ;0.0;0.0;8762.8;8762.8;118.5;Pequena Producao
2012/13;UNICA          ;RS;CANA DE ACUCAR                          ;4238;1.6;32.9;PREVISAO                                                    ;0.0;0.0;1665.1;1665.1;85.5;Pequena Producao
2012/13;UNICA          ;SE;CANA DE ACUCAR                          ;4238;43.4;2219.3;PREVISAO                                                    ;134.2;36553.3;64317.2;100870.5;141.5;Media Producao
2012/13;UNICA          ;SP;CANA DE ACUCAR                          ;4238;4419.5;330694.9;PREVISAO                                                    ;23351.7;5613181.1;6585326.6;12198507.7;137.7;Grande Producao
2012/13;UNICA          ;TO;CANA DE ACUCAR                          ;4238;23.6;1800.2;PREVISAO                                                    ;0.0;108872.4;48164.0;157036.4;152.0;Pequena Producao
2013/14;UNICA          ;AC;CANA DE ACUCAR                          ;4238;1.2;88.9;PREVISAO                                                    ;0.0;0.0;5009.3;5009.3;95.3;Pequena Producao
2013/14;UNICA          ;AL;CANA DE ACUCAR                          ;4238;417.4;22454.6;PREVISAO                                                    ;1801.1;317422.4;200017.1;517439.5;124.2;Grande Producao
2013/14;UNICA          ;AM;CANA DE ACUCAR                          ;4238;3.7;268.4;PREVISAO                                                    ;14.7;0.0;4865.4;4865.4;88.0;Pequena Producao
2013/14;UNICA          ;BA;CANA DE ACUCAR                          ;4238;53.5;3208.8;PREVISAO                                                    ;94.0;109427.7;65183.9;174611.7;125.3;Media Producao
2013/14;UNICA          ;CE;CANA DE ACUCAR                          ;4238;1.8;128.6;PREVISAO                                                    ;0.0;0.0;9002.7;9002.7;118.4;Pequena Producao
2013/14;UNICA          ;ES;CANA DE ACUCAR                          ;4238;65.3;3770.0;PREVISAO                                                    ;123.0;105770.0;76305.0;182075.0;118.0;Media Producao
2013/14;UNICA          ;GO;CANA DE ACUCAR                          ;4238;818.4;62017.7;PREVISAO                                                    ;1890.6;994006.0;2887111.0;3881117.0;139.0;Grande Producao
2013/14;UNICA          ;MA;CANA DE ACUCAR                          ;4238;39.6;2206.1;PREVISAO                                                    ;11.3;154499.3;13445.8;167945.1;139.3;Media Producao
2013/14;UNICA          ;MG;CANA DE ACUCAR                          ;4238;779.8;60759.5;PREVISAO                                                    ;3413.7;1171543.0;1459526.0;2631069.0;133.6;Grande Producao
2013/14;UNICA          ;MS;CANA DE ACUCAR                          ;4238;654.5;41496.0;PREVISAO                                                    ;1367.6;586994.0;1645548.0;2232542.0;126.6;Grande Producao
2013/14;UNICA          ;MT;CANA DE ACUCAR                          ;4238;237.9;16948.5;PREVISAO                                                    ;412.5;539777.0;564184.0;1103961.0;138.1;Grande Producao
2013/14;UNICA          ;PA;CANA DE ACUCAR                          ;4238;11.9;818.6;PREVISAO                                                    ;32.2;28691.3;9490.1;38181.4;122.7;Pequena Producao
2013/14;UNICA          ;PB;CANA DE ACUCAR                          ;4238;122.3;5283.1;PREVISAO                                                    ;83.8;204190.3;139396.9;343587.2;129.5;Media Producao
2013/14;UNICA          ;PE;CANA DE ACUCAR                          ;4238;284.6;14402.3;PREVISAO                                                    ;1139.6;187991.8;107447.2;295439.0;118.7;Grande Producao
2013/14;UNICA          ;PI;CANA DE ACUCAR                          ;4238;15.0;851.6;PREVISAO                                                    ;52.1;30854.3;1076.0;31930.2;130.3;Pequena Producao
2013/14;UNICA          ;PR;CANA DE ACUCAR                          ;4238;586.4;42231.0;PREVISAO                                                    ;3036.8;473649.0;1018217.0;1491866.0;136.0;Grande Producao
2013/14;UNICA          ;RJ;CANA DE ACUCAR                          ;4238;39.1;2007.6;PREVISAO                                                    ;84.5;0.0;85401.0;85401.0;116.1;Media Producao
2013/14;UNICA          ;RN;CANA DE ACUCAR                          ;4238;51.5;2158.2;PREVISAO                                                    ;122.2;33777.9;23183.5;56961.4;105.2;Media Producao
2013/14;UNICA          ;RO;CANA DE ACUCAR                          ;4238;3.0;188.3;PREVISAO                                                    ;0.0;0.0;10766.0;10766.0;96.7;Pequena Producao
2013/14;UNICA          ;RS;CANA DE ACUCAR                          ;4238;1.4;73.2;PREVISAO                                                    ;0.0;0.0;4510.0;4510.0;104.1;Pequena Producao
2013/14;UNICA          ;SE;CANA DE ACUCAR                          ;4238;44.5;2321.3;PREVISAO                                                    ;110.0;38974.0;68518.7;107492.7;129.3;Media Producao
2013/14;UNICA          ;SP;CANA DE ACUCAR                          ;4238;4552.0;372805.9;PREVISAO                                                    ;24088.6;6736041.0;7648805.0;14384846.0;134.4;Grande Producao
2013/14;UNICA          ;TO;CANA DE ACUCAR                          ;4238;26.6;2334.0;PREVISAO                                                    ;0.0;110818.9;85274.1;196092.9;145.6;Media Producao
2014/15;UNICA          ;AL;CANA DE ACUCAR                          ;4238;385.3;22422.5;PREVISAO                                                    ;1855.7;356282.6;160654.4;516937.0;127.0;Grande Producao
2014/15;UNICA          ;AM;CANA DE ACUCAR                          ;4238;3.3;187.1;PREVISAO                                                    ;10.7;0.0;2918.6;2918.6;86.5;Pequena Producao
2014/15;UNICA          ;BA;CANA DE ACUCAR                          ;4238;48.2;3709.1;PREVISAO                                                    ;82.5;131858.1;108531.3;240389.4;135.6;Media Producao
2014/15;UNICA          ;CE;CANA DE ACUCAR                          ;4238;1.8;130.5;PREVISAO                                                    ;0.0;0.0;9132.4;9132.4;118.4;Pequena Producao
2014/15;UNICA          ;ES;CANA DE ACUCAR                          ;4238;68.9;3191.7;PREVISAO                                                    ;106.1;110268.0;51531.3;161799.3;123.2;Media Producao
2014/15;UNICA          ;GO;CANA DE ACUCAR                          ;4238;854.2;66329.4;PREVISAO                                                    ;2012.9;1102409.0;3073872.3;4176281.3;139.6;Grande Producao
2014/15;UNICA          ;MA;CANA DE ACUCAR                          ;4238;38.8;2347.9;PREVISAO                                                    ;8.0;165872.3;13588.9;179461.2;138.1;Media Producao
2014/15;UNICA          ;MG;CANA DE ACUCAR                          ;4238;805.5;59528.7;PREVISAO                                                    ;3255.5;1146473.5;1594371.0;2740844.5;136.7;Grande Producao
2014/15;UNICA          ;MS;CANA DE ACUCAR                          ;4238;668.3;42969.8;PREVISAO                                                    ;1337.4;622125.2;1804955.7;2427080.9;129.3;Grande Producao
2014/15;UNICA          ;MT;CANA DE ACUCAR                          ;4238;226.0;17011.9;PREVISAO                                                    ;405.2;506412.4;645386.3;1151798.7;141.7;Grande Producao
2014/15;UNICA          ;PA;CANA DE ACUCAR                          ;4238;12.0;810.5;PREVISAO                                                    ;37.8;33195.8;7752.1;40947.9;137.4;Pequena Producao
2014/15;UNICA          ;PB;CANA DE ACUCAR                          ;4238;130.6;6307.9;PREVISAO                                                    ;147.5;211579.5;178771.1;390350.5;131.7;Media Producao
2014/15;UNICA          ;PE;CANA DE ACUCAR                          ;4238;260.1;14730.6;PREVISAO                                                    ;1087.2;194590.7;147416.2;342007.0;117.7;Grande Producao
2014/15;UNICA          ;PI;CANA DE ACUCAR                          ;4238;13.9;949.1;PREVISAO                                                    ;62.1;31973.1;528.6;32501.7;129.0;Pequena Producao
2014/15;UNICA          ;PR;CANA DE ACUCAR                          ;4238;635.0;43105.6;PREVISAO                                                    ;2923.3;529092.1;1087091.8;1616183.9;135.5;Grande Producao
2014/15;UNICA          ;RJ;CANA DE ACUCAR                          ;4238;33.0;1586.4;PREVISAO                                                    ;37.4;0.0;89208.4;89208.4;119.9;Pequena Producao
2014/15;UNICA          ;RN;CANA DE ACUCAR                          ;4238;56.0;2688.8;PREVISAO                                                    ;152.6;61497.7;23848.6;85346.3;115.0;Media Producao
2014/15;UNICA          ;RO;CANA DE ACUCAR                          ;4238;4.4;371.6;PREVISAO                                                    ;0.0;0.0;12596.1;12596.1;57.3;Pequena Producao
2014/15;UNICA          ;RS;CANA DE ACUCAR                          ;4238;1.4;73.4;PREVISAO                                                    ;0.0;0.0;4398.5;4398.5;101.4;Pequena Producao
2014/15;UNICA          ;SE;CANA DE ACUCAR                          ;4238;44.4;2376.4;PREVISAO                                                    ;118.3;27639.3;83143.5;110782.8;131.9;Media Producao
2014/15;UNICA          ;SP;CANA DE ACUCAR                          ;4238;4685.7;341589.7;PREVISAO                                                    ;21919.9;6387665.5;7765309.2;14152974.7;138.8;Grande Producao
2014/15;UNICA          ;TO;CANA DE ACUCAR                          ;4238;27.9;2348.4;PREVISAO                                                    ;0.0;109107.4;66875.0;175982.4;130.2;Media Producao
2015/16;UNICA          ;AC;CANA DE ACUCAR                          ;4238;1.0;86.1;PREVISAO                                                    ;0.0;0.0;4511.5;4511.5;88.6;Pequena Producao
2015/16;UNICA          ;AL;CANA DE ACUCAR                          ;4238;323.6;16193.4;PREVISAO                                                    ;1213.2;211343.5;161763.1;373106.6;118.6;Grande Producao
2015/16;UNICA          ;AM;CANA DE ACUCAR                          ;4238;3.4;216.3;PREVISAO                                                    ;12.4;0.0;5802.3;5802.3;105.3;Pequena Producao
2015/16;UNICA          ;BA;CANA DE ACUCAR                          ;4238;53.3;3816.4;PREVISAO                                                    ;86.8;46364.5;175027.3;221391.8;122.9;Media Producao
2015/16;UNICA          ;CE;CANA DE ACUCAR                          ;4238;2.7;208.6;PREVISAO                                                    ;0.0;0.0;14594.5;14594.5;118.3;Pequena Producao
2015/16;UNICA          ;ES;CANA DE ACUCAR                          ;4238;55.5;2809.6;PREVISAO                                                    ;70.9;82227.7;68608.9;150836.6;119.5;Media Producao
2015/16;UNICA          ;GO;CANA DE ACUCAR                          ;4238;885.8;73190.5;PREVISAO                                                    ;1892.2;1035223.5;3642796.7;4678020.2;136.3;Grande Producao
2015/16;UNICA          ;MA;CANA DE ACUCAR                          ;4238;40.3;2455.1;PREVISAO                                                    ;12.5;146165.2;41132.0;187297.2;138.8;Media Producao
2015/16;UNICA          ;MG;CANA DE ACUCAR                          ;4238;866.5;64932.4;PREVISAO                                                    ;3249.4;1038253.0;2045690.3;3083943.4;134.0;Grande Producao
2015/16;UNICA          ;MS;CANA DE ACUCAR                          ;4238;596.8;48685.4;PREVISAO                                                    ;1325.1;650365.5;2169852.4;2820217.8;127.5;Grande Producao
2015/16;UNICA          ;MT;CANA DE ACUCAR                          ;4238;232.8;17150.5;PREVISAO                                                    ;337.1;528162.2;798441.8;1326604.0;153.7;Grande Producao
2015/16;UNICA          ;PA;CANA DE ACUCAR                          ;4238;11.4;682.3;PREVISAO                                                    ;22.2;29794.3;11138.0;40932.3;138.9;Pequena Producao
2015/16;UNICA          ;PB;CANA DE ACUCAR                          ;4238;124.8;5532.5;PREVISAO                                                    ;129.1;173023.1;166725.5;339748.6;130.7;Media Producao
2015/16;UNICA          ;PE;CANA DE ACUCAR                          ;4238;254.2;11349.0;PREVISAO                                                    ;822.3;154199.1;193528.2;347727.3;128.9;Media Producao
2015/16;UNICA          ;PI;CANA DE ACUCAR                          ;4238;15.1;967.4;PREVISAO                                                    ;66.9;29333.7;3336.1;32669.8;132.0;Pequena Producao
2015/16;UNICA          ;PR;CANA DE ACUCAR                          ;4238;515.7;41286.1;PREVISAO                                                    ;2703.0;586117.7;990844.3;1576962.0;134.4;Grande Producao
2015/16;UNICA          ;RJ;CANA DE ACUCAR                          ;4238;34.3;1066.2;PREVISAO                                                    ;0.0;0.0;58656.6;58656.6;93.0;Pequena Producao
2015/16;UNICA          ;RN;CANA DE ACUCAR                          ;4238;53.2;2467.7;PREVISAO                                                    ;137.7;52106.3;37322.0;89428.3;121.4;Media Producao
2015/16;UNICA          ;RO;CANA DE ACUCAR                          ;4238;4.3;191.0;PREVISAO                                                    ;0.0;0.0;12908.8;12908.8;114.3;Pequena Producao
2015/16;UNICA          ;RS;CANA DE ACUCAR                          ;4238;1.2;61.2;PREVISAO                                                    ;0.0;0.0;3783.7;3783.7;104.6;Pequena Producao
2015/16;UNICA          ;SE;CANA DE ACUCAR                          ;4238;49.8;2284.7;PREVISAO                                                    ;105.4;26111.4;85785.5;111896.9;132.1;Media Producao
2015/16;UNICA          ;SP;CANA DE ACUCAR                          ;4238;4498.3;367587.6;PREVISAO                                                    ;21302.7;6276251.4;8491414.5;14767665.9;130.0;Grande Producao
2015/16;UNICA          ;TO;CANA DE ACUCAR                          ;4238;30.2;2366.2;PREVISAO                                                    ;0.0;143458.4;69360.2;212818.6;156.6;Media Producao
2016/17;UNICA          ;AC;CANA DE ACUCAR                          ;4238;2.2;64.1;PREVISAO                                                    ;0.0;0.0;3674.0;3674.0;96.9;Pequena Producao
2016/17;UNICA          ;AL;CANA DE ACUCAR                          ;4238;322.2;16030.6;PREVISAO                                                    ;1446.0;275617.0;107376.0;382993.0;136.3;Grande Producao
2016/17;UNICA          ;AM;CANA DE ACUCAR                          ;4238;3.6;261.2;PREVISAO                                                    ;13.9;0.0;5496.0;5496.0;91.4;Pequena Producao
2016/17;UNICA          ;BA;CANA DE ACUCAR                          ;4238;40.0;2367.0;PREVISAO                                                    ;124.8;55671.0;50224.0;105895.0;132.7;Media Producao
2016/17;UNICA          ;CE;CANA DE ACUCAR                          ;4238;1.4;74.0;PREVISAO                                                    ;0.0;0.0;5242.0;5242.0;119.8;Pequena Producao
2016/17;UNICA          ;ES;CANA DE ACUCAR                          ;4238;47.5;1356.9;PREVISAO                                                    ;64.0;48199.0;12532.0;60731.0;127.8;Pequena Producao
2016/17;UNICA          ;GO;CANA DE ACUCAR                          ;4238;962.6;67626.8;PREVISAO                                                    ;2101.7;1019082.0;3381868.0;4400950.0;143.8;Grande Producao
2016/17;UNICA          ;MA;CANA DE ACUCAR                          ;4238;39.4;1842.3;PREVISAO                                                    ;11.6;109712.0;17649.0;127361.0;127.9;Pequena Producao
2016/17;UNICA          ;MG;CANA DE ACUCAR                          ;4238;853.1;63670.3;PREVISAO                                                    ;3992.2;1088416.0;1569039.0;2657455.0;137.7;Grande Producao
2016/17;UNICA          ;MS;CANA DE ACUCAR                          ;4238;619.0;50292.0;PREVISAO                                                    ;1734.8;794938.0;1914362.0;2709300.0;128.5;Grande Producao
2016/17;UNICA          ;MT;CANA DE ACUCAR                          ;4238;229.9;16341.5;PREVISAO                                                    ;397.7;523484.0;697215.0;1220699.0;154.2;Grande Producao
2016/17;UNICA          ;PA;CANA DE ACUCAR                          ;4238;11.1;717.8;PREVISAO                                                    ;30.0;28724.0;4486.0;33210.0;125.1;Pequena Producao
2016/17;UNICA          ;PB;CANA DE ACUCAR                          ;4238;110.3;4856.1;PREVISAO                                                    ;186.8;138746.0;144994.0;283740.0;141.3;Media Producao
2016/17;UNICA          ;PE;CANA DE ACUCAR                          ;4238;243.7;11825.8;PREVISAO                                                    ;1004.1;131886.0;203166.0;335052.0;137.9;Media Producao
2016/17;UNICA          ;PI;CANA DE ACUCAR                          ;4238;15.2;760.5;PREVISAO                                                    ;54.8;21390.0;215.0;21605.0;125.7;Pequena Producao
2016/17;UNICA          ;PR;CANA DE ACUCAR                          ;4238;617.7;42216.7;PREVISAO                                                    ;3205.7;598141.0;803129.0;1401270.0;136.9;Grande Producao
2016/17;UNICA          ;RJ;CANA DE ACUCAR                          ;4238;26.4;1005.2;PREVISAO                                                    ;28.6;0.0;48315.0;48315.0;111.2;Pequena Producao
2016/17;UNICA          ;RN;CANA DE ACUCAR                          ;4238;48.4;1974.9;PREVISAO                                                    ;124.9;32556.0;28606.0;61162.0;120.0;Pequena Producao
2016/17;UNICA          ;RO;CANA DE ACUCAR                          ;4238;3.4;136.6;PREVISAO                                                    ;0.0;0.0;9487.0;9487.0;117.5;Pequena Producao
2016/17;UNICA          ;RS;CANA DE ACUCAR                          ;4238;1.1;45.5;PREVISAO                                                    ;0.0;0.0;2914.0;2914.0;108.3;Pequena Producao
2016/17;UNICA          ;SE;CANA DE ACUCAR                          ;4238;45.9;1706.5;PREVISAO                                                    ;109.7;22647.0;43374.0;66021.0;133.9;Pequena Producao
2016/17;UNICA          ;SP;CANA DE ACUCAR                          ;4238;4773.1;369925.1;PREVISAO                                                    ;24059.8;6066898.0;7635869.0;13702767.0;132.1;Grande Producao
2016/17;UNICA          ;TO;CANA DE ACUCAR                          ;4238;32.0;2086.6;PREVISAO                                                    ;0.0;116738.0;45446.0;162184.0;135.6;Media Producao
2017/18;UNICA          ;AC;CANA DE ACUCAR                          ;4238;0.0;0.0;PREVISAO                                                    ;0.0;0.0;0.0;0.0;0.0;Pequena Producao
2017/18;UNICA          ;AL;CANA DE ACUCAR                          ;4238;303.8;13646.9;PREVISAO                                                    ;1064.9;217373.0;109529.0;326902.0;123.6;Media Producao
2017/18;UNICA          ;AM;CANA DE ACUCAR                          ;4238;3.6;222.1;PREVISAO                                                    ;11.9;0.0;4845.0;4845.0;93.1;Pequena Producao
2017/18;UNICA          ;BA;CANA DE ACUCAR                          ;4238;47.1;3539.7;PREVISAO                                                    ;160.1;74714.0;105931.0;180645.0;135.3;Media Producao
2017/18;UNICA          ;CE;CANA DE ACUCAR                          ;4238;0.0;0.0;PREVISAO                                                    ;0.0;0.0;0.0;0.0;0.0;Pequena Producao
2017/18;UNICA          ;ES;CANA DE ACUCAR                          ;4238;47.6;2380.7;PREVISAO                                                    ;126.8;77370.0;13282.0;90652.0;122.7;Media Producao
2017/18;UNICA          ;GO;CANA DE ACUCAR                          ;4238;911.6;70622.0;PREVISAO                                                    ;2234.6;1060506.0;3445990.0;4506496.0;142.2;Grande Producao
2017/18;UNICA          ;MA;CANA DE ACUCAR                          ;4238;38.0;2220.5;PREVISAO                                                    ;22.6;142972.0;19688.0;162660.0;139.3;Media Producao
2017/18;UNICA          ;MG;CANA DE ACUCAR                          ;4238;824.9;65017.4;PREVISAO                                                    ;4237.3;1005722.0;1715029.0;2720751.0;140.3;Grande Producao
2017/18;UNICA          ;MS;CANA DE ACUCAR                          ;4238;666.0;46940.2;PREVISAO                                                    ;1491.7;866264.0;1765958.0;2632222.0;129.6;Grande Producao
2017/18;UNICA          ;MT;CANA DE ACUCAR                          ;4238;226.9;16101.9;PREVISAO                                                    ;410.5;511939.0;593676.0;1105615.0;145.2;Grande Producao
2017/18;UNICA          ;PA;CANA DE ACUCAR                          ;4238;13.5;976.7;PREVISAO                                                    ;45.9;43472.0;8086.0;51558.0;141.9;Pequena Producao
2017/18;UNICA          ;PB;CANA DE ACUCAR                          ;4238;119.6;5829.5;PREVISAO                                                    ;159.0;183734.0;180164.0;363898.0;136.5;Media Producao
2017/18;UNICA          ;PE;CANA DE ACUCAR                          ;4238;223.2;10819.0;PREVISAO                                                    ;756.8;91985.0;227334.0;319319.0;124.0;Media Producao
2017/18;UNICA          ;PI;CANA DE ACUCAR                          ;4238;15.7;850.0;PREVISAO                                                    ;63.0;19577.0;823.0;20400.0;120.1;Pequena Producao
2017/18;UNICA          ;PR;CANA DE ACUCAR                          ;4238;583.7;37477.4;PREVISAO                                                    ;2929.5;584979.0;702864.0;1287843.0;141.3;Grande Producao
2017/18;UNICA          ;RJ;CANA DE ACUCAR                          ;4238;17.5;872.1;PREVISAO                                                    ;35.4;0.0;46416.0;46416.0;132.6;Pequena Producao
2017/18;UNICA          ;RN;CANA DE ACUCAR                          ;4238;57.8;2516.1;PREVISAO                                                    ;160.6;32032.0;44959.0;76991.0;119.7;Media Producao
2017/18;UNICA          ;RO;CANA DE ACUCAR                          ;4238;1.8;78.0;PREVISAO                                                    ;0.0;0.0;4444.0;4444.0;96.4;Pequena Producao
2017/18;UNICA          ;RS;CANA DE ACUCAR                          ;4238;1.2;44.8;PREVISAO                                                    ;0.0;0.0;2485.0;2485.0;93.8;Pequena Producao
2017/18;UNICA          ;SE;CANA DE ACUCAR                          ;4238;37.0;1718.8;PREVISAO                                                    ;96.2;24031.0;46113.0;70144.0;128.8;Pequena Producao
2017/18;UNICA          ;SP;CANA DE ACUCAR                          ;4238;4558.4;349200.5;PREVISAO                                                    ;23859.1;5942501.0;7144554.0;13087055.0;136.3;Grande Producao
2017/18;UNICA          ;TO;CANA DE ACUCAR                          ;4238;30.6;2187.6;PREVISAO                                                    ;0.0;115747.0;60566.0;176313.0;140.2;Media Producao
2018/19;UNICA          ;AC;CANA DE ACUCAR                          ;4238;0.0;0.0;PREVISAO                                                    ;0.0;0.0;0.0;0.0;0.0;Pequena Producao
2018/19;UNICA          ;AL;CANA DE ACUCAR                          ;4238;293.2;16201.8;PREVISAO                                                    ;1194.8;180350.0;310059.0;490409.0;129.4;Grande Producao
2018/19;UNICA          ;AM;CANA DE ACUCAR                          ;4238;3.5;236.9;PREVISAO                                                    ;12.5;;5468.0;5468.0;94.6;Pequena Producao
2018/19;UNICA          ;BA;CANA DE ACUCAR                          ;4238;43.5;3742.9;PREVISAO                                                    ;108.0;80210.0;165488.0;245698.0;142.9;Media Producao
2018/19;UNICA          ;ES;CANA DE ACUCAR                          ;4238;46.7;3174.1;PREVISAO                                                    ;146.9;111542.0;25751.0;137293.0;124.3;Media Producao
2018/19;UNICA          ;GO;CANA DE ACUCAR                          ;4238;917.1;70001.4;PREVISAO                                                    ;1670.0;686734.0;4035481.0;4722215.0;139.9;Grande Producao
2018/19;UNICA          ;MA;CANA DE ACUCAR                          ;4238;35.3;1964.3;PREVISAO                                                    ;21.8;122828.0;25088.0;147916.0;143.6;Pequena Producao
2018/19;UNICA          ;MG;CANA DE ACUCAR                          ;4238;848.0;63199.8;PREVISAO                                                    ;3063.3;824928.0;2413422.0;3238350.0;138.5;Grande Producao
2018/19;UNICA          ;MS;CANA DE ACUCAR                          ;4238;647.4;49504.7;PREVISAO                                                    ;944.3;799734.0;2477161.0;3276895.0;133.2;Grande Producao
2018/19;UNICA          ;MT;CANA DE ACUCAR                          ;4238;228.9;17348.9;PREVISAO                                                    ;370.5;470348.0;742289.0;1212637.0;142.6;Grande Producao
2018/19;UNICA          ;PA;CANA DE ACUCAR                          ;4238;14.4;999.0;PREVISAO                                                    ;47.0;36093.0;10033.0;46126.0;130.2;Pequena Producao
2018/19;UNICA          ;PB;CANA DE ACUCAR                          ;4238;122.1;5589.1;PREVISAO                                                    ;117.5;152662.0;229338.0;382000.0;139.7;Media Producao
2018/19;UNICA          ;PE;CANA DE ACUCAR                          ;4238;231.2;11425.4;PREVISAO                                                    ;732.8;79843.0;352050.0;431893.0;131.8;Media Producao
2018/19;UNICA          ;PI;CANA DE ACUCAR                          ;4238;19.0;1167.2;PREVISAO                                                    ;78.4;18020.0;19460.0;37480.0;126.0;Pequena Producao
2018/19;UNICA          ;PR;CANA DE ACUCAR                          ;4238;569.1;35495.2;PREVISAO                                                    ;2096.2;517904.0;1091418.0;1609322.0;139.7;Grande Producao
2018/19;UNICA          ;RJ;CANA DE ACUCAR                          ;4238;21.4;1057.5;PREVISAO                                                    ;21.2;;58288.0;58288.0;114.3;Pequena Producao
2018/19;UNICA          ;RN;CANA DE ACUCAR                          ;4238;53.1;2429.3;PREVISAO                                                    ;118.2;16531.0;88446.0;104977.0;124.7;Media Producao
2018/19;UNICA          ;RO;CANA DE ACUCAR                          ;4238;1.3;58.0;PREVISAO                                                    ;;;2100.0;2100.0;61.2;Pequena Producao
2018/19;UNICA          ;RS;CANA DE ACUCAR                          ;4238;0.9;39.1;PREVISAO                                                    ;;;2189.0;2189.0;94.7;Pequena Producao
2018/19;UNICA          ;SE;CANA DE ACUCAR                          ;4238;36.6;1896.3;PREVISAO                                                    ;99.3;19099.0;81803.0;100902.0;145.7;Pequena Producao
2018/19;UNICA          ;SP;CANA DE ACUCAR                          ;4238;4426.2;332880.6;PREVISAO                                                    ;18195.5;5137959.0;10806319.0;15944278.0;139.5;Grande Producao
2018/19;UNICA          ;TO;CANA DE ACUCAR                          ;4238;30.4;2023.9;PREVISAO                                                    ;;69684.0;85523.0;155207.0;132.2;Media Producao
2019/20;UNICA          ;AL;CANA DE ACUCAR                          ;4238;292.0;17439.5;PREVISAO                                                    ;1394.1;217677.0;304851.8;522528.8;135.5;Grande Producao
2019/20;UNICA          ;AM;CANA DE ACUCAR                          ;4238;3.4;290.4;PREVISAO                                                    ;12.3;;8816.0;8816.0;95.9;Pequena Producao
2019/20;UNICA          ;BA;CANA DE ACUCAR                          ;4238;47.0;4105.0;PREVISAO                                                    ;118.6;83381.0;165640.0;249021.0;134.4;Media Producao
2019/20;UNICA          ;ES;CANA DE ACUCAR                          ;4238;48.6;2883.9;PREVISAO                                                    ;137.6;105342.0;13576.0;118918.0;122.5;Media Producao
2019/20;UNICA          ;GO;CANA DE ACUCAR                          ;4238;943.3;75273.7;PREVISAO                                                    ;1781.8;775063.0;4473964.0;5249027.0;143.5;Grande Producao
2019/20;UNICA          ;MA;CANA DE ACUCAR                          ;4238;34.1;2343.1;PREVISAO                                                    ;23.3;142248.0;25813.0;168061.0;136.2;Media Producao
2019/20;UNICA          ;MG;CANA DE ACUCAR                          ;4238;820.5;68699.8;PREVISAO                                                    ;3192.7;1022456.0;2568537.0;3590993.0;138.3;Grande Producao
2019/20;UNICA          ;MS;CANA DE ACUCAR                          ;4238;661.0;47515.0;PREVISAO                                                    ;730.7;672410.0;2668903.0;3341313.0;136.1;Grande Producao
2019/20;UNICA          ;MT;CANA DE ACUCAR                          ;4238;215.6;17657.7;PREVISAO                                                    ;404.9;368075.0;812115.0;1180190.0;138.6;Grande Producao
2019/20;UNICA          ;PA;CANA DE ACUCAR                          ;4238;14.5;1195.0;PREVISAO                                                    ;55.6;42634.0;15667.0;58301.0;134.0;Pequena Producao
2019/20;UNICA          ;PB;CANA DE ACUCAR                          ;4238;122.8;6736.2;PREVISAO                                                    ;141.1;204306.0;238440.0;442746.0;135.4;Media Producao
2019/20;UNICA          ;PE;CANA DE ACUCAR                          ;4238;237.3;12519.6;PREVISAO                                                    ;860.4;113312.0;337418.0;450730.0;133.7;Media Producao
2019/20;UNICA          ;PI;CANA DE ACUCAR                          ;4238;19.2;1249.0;PREVISAO                                                    ;84.0;16804.0;29653.0;46457.0;134.5;Pequena Producao
2019/20;UNICA          ;PR;CANA DE ACUCAR                          ;4238;531.0;34352.6;PREVISAO                                                    ;2197.4;564486.5;1059700.5;1624187.0;148.3;Grande Producao
2019/20;UNICA          ;RJ;CANA DE ACUCAR                          ;4238;29.2;845.8;PREVISAO                                                    ;4.4;;57374.0;57374.0;120.1;Pequena Producao
2019/20;UNICA          ;RN;CANA DE ACUCAR                          ;4238;55.2;2781.4;PREVISAO                                                    ;137.4;22863.0;101535.0;124398.0;128.1;Media Producao
2019/20;UNICA          ;RO;CANA DE ACUCAR                          ;4238;0.0;0.0;PREVISAO                                                    ;0.0;0.0;0.0;0.0;0.0;Pequena Producao
2019/20;UNICA          ;RS;CANA DE ACUCAR                          ;4238;0.7;31.0;PREVISAO                                                    ;;;1638.0;1638.0;89.5;Pequena Producao
2019/20;UNICA          ;SE;CANA DE ACUCAR                          ;4238;36.7;1947.5;PREVISAO                                                    ;82.2;21997.0;89166.0;111163.0;141.6;Pequena Producao
2019/20;UNICA          ;SP;CANA DE ACUCAR                          ;4238;4302.2;342614.3;PREVISAO                                                    ;18437.2;5661866.0;10827520.0;16489386.0;139.1;Grande Producao
2019/20;UNICA          ;TO;CANA DE ACUCAR                          ;4238;27.7;2237.2;PREVISAO                                                    ;;81536.0;84834.0;166370.0;128.5;Media Producao
2020/21;UNICA          ;AL;CANA DE ACUCAR                          ;4238;298.4;17003.0;PREVISAO                                                    ;1436.1;189696.0;233069.0;422765.0;131.5;Grande Producao
2020/21;UNICA          ;AM;CANA DE ACUCAR                          ;4238;3.7;281.5;PREVISAO                                                    ;10.9;;9009.0;9009.0;94.9;Pequena Producao
2020/21;UNICA          ;BA;CANA DE ACUCAR                          ;4238;50.4;4459.9;PREVISAO                                                    ;134.2;117022.0;156524.0;273546.0;137.2;Media Producao
2020/21;UNICA          ;ES;CANA DE ACUCAR                          ;4238;46.9;2655.2;PREVISAO                                                    ;137.2;70903.0;40433.0;111336.0;127.1;Media Producao
2020/21;UNICA          ;GO;CANA DE ACUCAR                          ;4238;971.6;74039.9;PREVISAO                                                    ;2319.1;881689.0;3864977.0;4746666.0;142.2;Grande Producao
2020/21;UNICA          ;MA;CANA DE ACUCAR                          ;4238;33.1;2427.4;PREVISAO                                                    ;15.0;162468.0;15726.0;178194.0;135.6;Media Producao
2020/21;UNICA          ;MG;CANA DE ACUCAR                          ;4238;854.2;70565.8;PREVISAO                                                    ;4714.9;911749.0;2159728.0;3071477.0;144.7;Grande Producao
2020/21;UNICA          ;MS;CANA DE ACUCAR                          ;4238;637.2;48991.7;PREVISAO                                                    ;1847.5;655169.0;2214263.0;2869432.0;139.6;Grande Producao
2020/21;UNICA          ;MT;CANA DE ACUCAR                          ;4238;214.6;16773.2;PREVISAO                                                    ;484.4;383133.0;789738.2;1172871.2;150.3;Grande Producao
2020/21;UNICA          ;PA;CANA DE ACUCAR                          ;4238;13.8;1036.4;PREVISAO                                                    ;50.9;38676.0;11724.0;50400.0;136.6;Pequena Producao
2020/21;UNICA          ;PB;CANA DE ACUCAR                          ;4238;118.3;6242.1;PREVISAO                                                    ;143.8;180028.0;226054.0;406082.0;136.3;Media Producao
2020/21;UNICA          ;PE;CANA DE ACUCAR                          ;4238;233.0;11827.4;PREVISAO                                                    ;872.9;103092.0;254787.0;357879.0;129.3;Media Producao
2020/21;UNICA          ;PI;CANA DE ACUCAR                          ;4238;20.1;1177.3;PREVISAO                                                    ;81.7;28135.0;10473.0;38608.0;130.1;Pequena Producao
2020/21;UNICA          ;PR;CANA DE ACUCAR                          ;4238;522.9;31961.6;PREVISAO                                                    ;2619.2;455264.0;717403.0;1172667.0;139.5;Grande Producao
2020/21;UNICA          ;RJ;CANA DE ACUCAR                          ;4238;32.7;1083.3;PREVISAO                                                    ;8.2;;74305.0;74305.0;124.0;Pequena Producao
2020/21;UNICA          ;RN;CANA DE ACUCAR                          ;4238;57.7;3067.8;PREVISAO                                                    ;173.6;31337.0;86270.0;117607.0;125.0;Media Producao
2020/21;UNICA          ;RS;CANA DE ACUCAR                          ;4238;0.7;29.7;PREVISAO                                                    ;;;1628.8;1628.8;92.8;Pequena Producao
2020/21;UNICA          ;SE;CANA DE ACUCAR                          ;4238;38.7;2243.6;PREVISAO                                                    ;117.6;21119.0;86627.0;107746.0;136.9;Media Producao
2020/21;UNICA          ;SP;CANA DE ACUCAR                          ;4238;4444.2;354288.4;PREVISAO                                                    ;26087.1;5005270.0;9382984.0;14388254.0;147.0;Grande Producao
2020/21;UNICA          ;TO;CANA DE ACUCAR                          ;4238;28.2;2171.0;PREVISAO                                                    ;;87062.0;88888.0;175950.0;140.0;Media Producao
2021/22;UNICA          ;AL;CANA DE ACUCAR                          ;4238;307.7;19199.9;PREVISAO                                                    ;1376.6;197147.0;233385.0;430532.0;113.9;Grande Producao
2021/22;UNICA          ;AM;CANA DE ACUCAR                          ;4238;3.7;306.3;PREVISAO                                                    ;14.7;0.0;7697.0;7697.0;92.7;Pequena Producao
2021/22;UNICA          ;BA;CANA DE ACUCAR                          ;4238;57.0;4654.1;PREVISAO                                                    ;129.6;121002.0;192890.0;313892.0;145.2;Media Producao
2021/22;UNICA          ;ES;CANA DE ACUCAR                          ;4238;46.5;2653.9;PREVISAO                                                    ;129.6;82179.0;31385.0;113564.0;125.9;Media Producao
2021/22;UNICA          ;GO;CANA DE ACUCAR                          ;4238;962.9;71898.3;PREVISAO                                                    ;2297.5;1206631.0;3590325.0;4796956.0;147.6;Grande Producao
2021/22;UNICA          ;MA;CANA DE ACUCAR                          ;4238;28.6;2266.9;PREVISAO                                                    ;28.8;154101.0;9724.0;163825.0;140.6;Media Producao
2021/22;UNICA          ;MG;CANA DE ACUCAR                          ;4238;846.5;63947.7;PREVISAO                                                    ;4145.2;1217235.0;1712721.0;2929956.0;146.9;Grande Producao
2021/22;UNICA          ;MS;CANA DE ACUCAR                          ;4238;648.6;44180.3;PREVISAO                                                    ;1373.8;745093.0;1804472.0;2549565.0;131.5;Grande Producao
2021/22;UNICA          ;MT;CANA DE ACUCAR                          ;4238;195.2;15291.8;PREVISAO                                                    ;471.8;384239.0;627903.0;1012142.0;146.2;Grande Producao
2021/22;UNICA          ;PA;CANA DE ACUCAR                          ;4238;14.1;1239.8;PREVISAO                                                    ;66.5;43522.0;13963.0;57485.0;137.3;Pequena Producao
2021/22;UNICA          ;PB;CANA DE ACUCAR                          ;4238;117.2;6081.3;PREVISAO                                                    ;132.5;242541.0;134293.0;376834.0;130.6;Media Producao
2021/22;UNICA          ;PE;CANA DE ACUCAR                          ;4238;217.4;12647.7;PREVISAO                                                    ;798.8;134084.0;236208.0;370292.0;116.6;Media Producao
2021/22;UNICA          ;PI;CANA DE ACUCAR                          ;4238;20.8;1468.8;PREVISAO                                                    ;100.6;35216.0;17487.0;52703.0;134.4;Pequena Producao
2021/22;UNICA          ;PR;CANA DE ACUCAR                          ;4238;522.9;31961.6;PREVISAO                                                    ;2326.8;556241.6;592838.6;1149080.2;138.5;Grande Producao
2021/22;UNICA          ;RJ;CANA DE ACUCAR                          ;4238;33.7;1833.4;PREVISAO                                                    ;11.1;0.0;125587.0;125587.0;122.2;Pequena Producao
2021/22;UNICA          ;RN;CANA DE ACUCAR                          ;4238;57.5;2538.4;PREVISAO                                                    ;141.9;27336.0;58262.0;85598.0;116.5;Media Producao
2021/22;UNICA          ;RS;CANA DE ACUCAR                          ;4238;0.7;29.7;PREVISAO                                                    ;0.0;0.0;1635.5;1635.5;93.2;Pequena Producao
2021/22;UNICA          ;SE;CANA DE ACUCAR                          ;4238;41.2;2205.1;PREVISAO                                                    ;97.4;19177.0;87672.0;106849.0;128.9;Media Producao
2021/22;UNICA          ;SP;CANA DE ACUCAR                          ;4238;4168.7;298494.8;PREVISAO                                                    ;21405.9;5347976.0;6595760.0;11943736.0;144.3;Grande Producao
2021/22;UNICA          ;TO;CANA DE ACUCAR                          ;4238;27.2;2309.4;PREVISAO                                                    ;0.0;90846.0;107691.0;198537.0;148.3;Media Producao
2022/23;UNICA          ;AL;CANA DE ACUCAR                          ;4238;304.3;19841.1;PREVISAO                                                    ;1730.9;220924.0;218254.0;439178.0;123.5;Grande Producao
2022/23;UNICA          ;AM;CANA DE ACUCAR                          ;4238;3.8;218.0;PREVISAO                                                    ;12.1;0.0;5586.0;5586.0;107.0;Pequena Producao
2022/23;UNICA          ;BA;CANA DE ACUCAR                          ;4238;57.0;4657.7;PREVISAO                                                    ;87.5;132348.0;192318.0;324666.0;134.4;Media Producao
2022/23;UNICA          ;ES;CANA DE ACUCAR                          ;4238;47.5;2759.7;PREVISAO                                                    ;127.8;88859.0;87311.0;176170.0;123.7;Media Producao
2022/23;UNICA          ;GO;CANA DE ACUCAR                          ;4238;956.8;71035.4;PREVISAO                                                    ;2163.1;1277747.2;3279386.5;4557133.7;136.0;Grande Producao
2022/23;UNICA          ;MA;CANA DE ACUCAR                          ;4238;28.3;2158.1;PREVISAO                                                    ;26.1;146111.0;12857.0;158968.0;136.1;Media Producao
2022/23;UNICA          ;MG;CANA DE ACUCAR                          ;4238;896.4;70537.9;PREVISAO                                                    ;4501.9;1201283.2;1438226.9;2639510.1;138.7;Grande Producao
2022/23;UNICA          ;MS;CANA DE ACUCAR                          ;4238;636.0;44627.1;PREVISAO                                                    ;1500.3;1312029.0;2055565.0;3367594.0;131.3;Grande Producao
2022/23;UNICA          ;MT;CANA DE ACUCAR                          ;4238;174.7;15876.6;PREVISAO                                                    ;501.6;394507.0;749076.0;1143583.0;134.1;Grande Producao
2022/23;UNICA          ;PA;CANA DE ACUCAR                          ;4238;15.5;1227.0;PREVISAO                                                    ;60.3;40103.0;12324.0;52427.0;130.0;Pequena Producao
2022/23;UNICA          ;PB;CANA DE ACUCAR                          ;4238;117.6;7302.4;PREVISAO                                                    ;169.2;284221.0;168229.0;452450.0;129.8;Media Producao
2022/23;UNICA          ;PE;CANA DE ACUCAR                          ;4238;237.4;14605.0;PREVISAO                                                    ;982.7;215017.9;183269.2;398287.1;129.6;Grande Producao
2022/23;UNICA          ;PI;CANA DE ACUCAR                          ;4238;21.2;1459.0;PREVISAO                                                    ;101.0;27915.0;17116.0;45031.0;126.3;Pequena Producao
2022/23;UNICA          ;PR;CANA DE ACUCAR                          ;4238;475.4;30953.1;PREVISAO                                                    ;2218.8;596509.0;495298.0;1091807.0;129.2;Grande Producao
2022/23;UNICA          ;RJ;CANA DE ACUCAR                          ;4238;35.5;1578.2;PREVISAO                                                    ;28.7;0.0;109622.0;109622.0;128.1;Pequena Producao
2022/23;UNICA          ;RN;CANA DE ACUCAR                          ;4238;66.1;3662.3;PREVISAO                                                    ;206.9;45777.5;81799.0;127576.5;127.6;Media Producao
2022/23;UNICA          ;SE;CANA DE ACUCAR                          ;4238;39.6;2375.2;PREVISAO                                                    ;129.8;17024.0;85477.0;102501.0;123.2;Media Producao
2022/23;UNICA          ;SP;CANA DE ACUCAR                          ;4238;4147.6;312879.5;PREVISAO                                                    ;22487.6;5553618.0;6415042.0;11968660.0;133.6;Grande Producao
2022/23;UNICA          ;TO;CANA DE ACUCAR                          ;4238;27.9;2378.0;PREVISAO                                                    ;0.0;93175.0;111963.0;205138.0;131.0;Media Producao
2023/24;UNICA          ;AL;CANA DE ACUCAR                          ;4238;298.7;19675.8;PREVISAO                                                    ;1495.3;271869.4;204151.0;476020.4;127.1;Grande Producao
2023/24;UNICA          ;AM;CANA DE ACUCAR                          ;4238;3.9;304.0;PREVISAO                                                    ;20.4;0.0;7805.0;7805.0;122.5;Pequena Producao
2023/24;UNICA          ;BA;CANA DE ACUCAR                          ;4238;65.7;5950.5;PREVISAO                                                    ;131.2;175243.9;220506.4;395750.3;134.7;Media Producao
2023/24;UNICA          ;ES;CANA DE ACUCAR                          ;4238;48.7;2815.6;PREVISAO                                                    ;150.6;106991.0;8239.0;115230.0;121.9;Media Producao
2023/24;UNICA          ;GO;CANA DE ACUCAR                          ;4238;954.8;76600.6;PREVISAO                                                    ;2719.2;1243421.7;3506169.9;4749591.6;137.3;Grande Producao
2023/24;UNICA          ;MA;CANA DE ACUCAR                          ;4238;29.3;2078.2;PREVISAO                                                    ;19.5;136583.2;24104.6;160687.8;134.1;Media Producao
2023/24;UNICA          ;MG;CANA DE ACUCAR                          ;4238;929.2;81376.5;PREVISAO                                                    ;5481.6;1359436.5;1946597.0;3306033.5;137.2;Grande Producao
2023/24;UNICA          ;MS;CANA DE ACUCAR                          ;4238;629.9;50771.7;PREVISAO                                                    ;2209.5;847747.4;2027989.0;2875736.4;133.6;Grande Producao
2023/24;UNICA          ;MT;CANA DE ACUCAR                          ;4238;194.1;17663.3;PREVISAO                                                    ;539.3;364060.8;740085.1;1104145.9;135.4;Grande Producao
2023/24;UNICA          ;PA;CANA DE ACUCAR                          ;4238;16.9;1276.0;PREVISAO                                                    ;78.8;37172.0;12590.0;49762.0;130.0;Pequena Producao
2023/24;UNICA          ;PB;CANA DE ACUCAR                          ;4238;125.6;7605.7;PREVISAO                                                    ;228.0;211758.0;151299.0;363057.0;124.4;Media Producao
2023/24;UNICA          ;PE;CANA DE ACUCAR                          ;4238;233.7;13810.2;PREVISAO                                                    ;969.5;139090.2;192747.2;331837.4;123.6;Grande Producao
2023/24;UNICA          ;PI;CANA DE ACUCAR                          ;4238;20.3;1302.0;PREVISAO                                                    ;97.5;32842.0;14319.0;47161.0;131.5;Pequena Producao
2023/24;UNICA          ;PR;CANA DE ACUCAR                          ;4238;524.4;38730.9;PREVISAO                                                    ;2890.6;818432.2;541181.4;1359613.6;128.9;Grande Producao
2023/24;UNICA          ;RJ;CANA DE ACUCAR                          ;4238;29.7;1425.3;PREVISAO                                                    ;33.7;0.0;82005.0;82005.0;118.2;Pequena Producao
2023/24;UNICA          ;RN;CANA DE ACUCAR                          ;4238;66.7;3519.6;PREVISAO                                                    ;218.7;39155.0;97468.6;136623.6;127.5;Media Producao
2023/24;UNICA          ;SE;CANA DE ACUCAR                          ;4238;43.1;2535.9;PREVISAO                                                    ;133.5;17400.0;93739.0;111139.0;123.9;Media Producao
2023/24;UNICA          ;SP;CANA DE ACUCAR                          ;4238;4091.2;383409.5;PREVISAO                                                    ;28261.9;6141160.2;7683590.0;13824750.2;135.4;Grande Producao
2023/24;UNICA          ;TO;CANA DE ACUCAR                          ;4238;28.2;2363.0;PREVISAO                                                    ;0.0;106940.0;85654.0;192594.0;127.0;Media Producao
2024/25;UNICA          ;AL;CANA DE ACUCAR                          ;4238;309.7;20843.0;PREVISAO                                                    ;1571.7;254742.8;236255.4;490998.2;129.1;Grande Producao
2024/25;UNICA          ;AM;CANA DE ACUCAR                          ;4238;3.8;302.0;PREVISAO                                                    ;17.9;0.0;6934.0;6934.0;108.0;Pequena Producao
2024/25;UNICA          ;BA;CANA DE ACUCAR                          ;4238;68.8;5815.4;PREVISAO                                                    ;185.0;120000.0;174600.0;294600.0;116.1;Media Producao
2024/25;UNICA          ;ES;CANA DE ACUCAR                          ;4238;50.5;2767.1;PREVISAO                                                    ;169.8;64948.0;34450.0;99398.0;120.5;Media Producao
2024/25;UNICA          ;GO;CANA DE ACUCAR                          ;4238;975.3;79307.8;PREVISAO                                                    ;2984.3;1357091.0;3380943.0;4738034.0;136.5;Grande Producao
2024/25;UNICA          ;MA;CANA DE ACUCAR                          ;4238;30.0;2367.3;PREVISAO                                                    ;42.1;143187.0;21802.0;164989.0;132.3;Media Producao
2024/25;UNICA          ;MG;CANA DE ACUCAR                          ;4238;950.7;81876.3;PREVISAO                                                    ;6047.1;1376950.0;1653768.5;3030718.5;137.2;Grande Producao
2024/25;UNICA          ;MS;CANA DE ACUCAR                          ;4238;647.9;52230.5;PREVISAO                                                    ;2372.7;747792.6;2175435.2;2923227.8;133.8;Grande Producao
2024/25;UNICA          ;MT;CANA DE ACUCAR                          ;4238;205.3;17627.3;PREVISAO                                                    ;532.3;443577.9;667040.3;1110618.2;135.0;Grande Producao
2024/25;UNICA          ;PA;CANA DE ACUCAR                          ;4238;16.7;1312.0;PREVISAO                                                    ;76.7;38247.0;12045.0;50292.0;130.9;Pequena Producao
2024/25;UNICA          ;PB;CANA DE ACUCAR                          ;4238;129.3;8053.3;PREVISAO                                                    ;367.2;207709.0;129928.0;337637.0;123.3;Media Producao
2024/25;UNICA          ;PE;CANA DE ACUCAR                          ;4238;245.0;14814.6;PREVISAO                                                    ;1191.3;130223.0;195617.0;325840.0;126.8;Grande Producao
2024/25;UNICA          ;PI;CANA DE ACUCAR                          ;4238;20.4;1250.0;PREVISAO                                                    ;112.5;18681.0;8006.0;26687.0;131.0;Pequena Producao
2024/25;UNICA          ;PR;CANA DE ACUCAR                          ;4238;488.3;34206.3;PREVISAO                                                    ;2616.8;557803.9;541926.9;1099730.8;130.0;Grande Producao
2024/25;UNICA          ;RJ;CANA DE ACUCAR                          ;4238;36.1;1965.4;PREVISAO                                                    ;61.6;0.0;99455.0;99455.0;123.4;Pequena Producao
2024/25;UNICA          ;RN;CANA DE ACUCAR                          ;4238;70.3;3769.9;PREVISAO                                                    ;230.8;39155.0;93338.9;132493.9;127.3;Media Producao
2024/25;UNICA          ;SE;CANA DE ACUCAR                          ;4238;45.4;2703.8;PREVISAO                                                    ;136.0;18000.0;112000.0;130000.0;125.2;Media Producao
2024/25;UNICA          ;SP;CANA DE ACUCAR                          ;4238;4305.4;356189.5;PREVISAO                                                    ;27280.5;5880671.0;7324455.8;13205126.8;135.8;Grande Producao
2024/25;UNICA          ;TO;CANA DE ACUCAR                          ;4238;29.0;2430.0;PREVISAO                                                    ;0.0;115000.0;87152.0;202152.0;128.0;Media Producao